{"hist": [0.08330209596710364, 0.0027276224646735018, 0.00095909445241610758, 0.00051221967458706401, 0.00025084008755498199, 0.00021711368922826171, 0.00010961079456184087, 7.5884396235120595e-05, 5.902119707176047e-05, 3.1618498431300249e-05, 4.0050098012980318e-05, 2.9510598535880235e-05, 1.6863199163360135e-05, 2.1078998954200166e-05, 1.8971099058780149e-05, 8.4315995816800675e-06, 8.4315995816800675e-06, 4.2157997908400337e-06, 8.4315995816800675e-06, 1.0539499477100083e-05, 1.0539499477100083e-05, 6.3236996862600502e-06, 6.3236996862600502e-06, 0.0, 1.0539499477100083e-05, 4.2157997908400337e-06, 8.4315995816800675e-06, 2.1078998954200169e-06, 4.2157997908400337e-06, 4.2157997908400337e-06, 0.0, 0.0, 2.1078998954200169e-06, 0.0, 2.1078998954200169e-06, 2.1078998954200169e-06, 0.0, 0.0, 2.1078998954200169e-06, 0.0, 2.1078998954200169e-06, 0.0, 0.0, 0.0, 0.0, 0.0, 0.0, 0.0, 0.0, 6.3236996862600502e-06], "bin_edges": [1.0, 12.301296637856433, 23.602593275712866, 34.903889913569301, 46.205186551425733, 57.506483189282164, 68.807779827138603, 80.109076464995027, 91.410373102851466, 102.7116697407079, 114.01296637856433, 125.31426301642077, 136.61555965427721, 147.91685629213364, 159.21815292999005, 170.51944956784649, 181.82074620570293, 193.12204284355937, 204.42333948141581, 215.72463611927222, 227.02593275712866, 238.3272293949851, 249.62852603284153, 260.92982267069794, 272.23111930855441, 283.53241594641082, 294.83371258426729, 306.1350092221237, 317.43630585998011, 328.73760249783658, 340.03889913569299, 351.34019577354945, 362.64149241140586, 373.94278904926227, 385.24408568711874, 396.54538232497515, 407.84667896283162, 419.14797560068803, 430.44927223854444, 441.75056887640091, 453.05186551425732, 464.35316215211378, 475.65445878997019, 486.9557554278266, 498.25705206568307, 509.55834870353948, 520.85964534139589, 532.16094197925236, 543.46223861710882, 554.76353525496518, 566.06483189282164]}